{"cameraMode":{"drawMode":0,"name":"Shaded","section":"Shading Mode"},"sceneLighting":true,"audioPlay":false,"sceneViewState":{"m_AlwaysRefresh":false,"showFog":true,"showSkybox":true,"showFlares":true,"showImageEffects":true,"showParticleSystems":true,"showVisualEffectGraphs":true,"m_FxEnabled":true},"in2DMode":false,"pivot":{"x":1.1942812204360963,"y":2.0757603645324709,"z":1.0144484043121338},"rotation":{"x":-0.16872940957546235,"y":-0.05556274577975273,"z":0.009531074203550816,"w":-0.9840688109397888},"size":15.609743118286133,"orthographic":false}